{
    "NGF": [
        0.49721431732177734,
        0.6819660067558289,
        0.6879279613494873,
        0.6907953023910522,
        0.7051211595535278,
        0.708508312702179,
        0.7116898894309998,
        0.7147095799446106,
        0.7174651026725769,
        0.7255707383155823,
        0.7262402772903442,
        0.7281877398490906,
        0.7302781343460083,
        0.7358811497688293,
        0.7405316233634949,
        0.7387322187423706,
        0.7373828887939453,
        0.7413009405136108,
        0.7447053790092468,
        0.742887020111084,
        0.742918848991394,
        0.7471209764480591,
        0.7409955263137817,
        0.7450031042098999,
        0.7444472312927246,
        0.7475211024284363,
        0.7474049925804138,
        0.7485244870185852,
        0.7446528673171997,
        0.7462226152420044,
        0.7422630786895752,
        0.7427328824996948,
        0.7403259873390198,
        0.7478920817375183,
        0.7406366467475891,
        0.7435823678970337,
        0.7444308400154114,
        0.7430737614631653,
        0.740853488445282,
        0.7405540347099304,
        0.7392752766609192
    ],
    "SGLD": [
        0.5194926261901855,
        0.687244713306427,
        0.6987358331680298,
        0.7116468548774719,
        0.7153059840202332,
        0.7186664938926697,
        0.7233892679214478,
        0.7322314977645874,
        0.7321935892105103,
        0.7319707870483398,
        0.7305973768234253,
        0.7328408360481262,
        0.734862208366394,
        0.739893913269043,
        0.7414972186088562,
        0.7427123785018921,
        0.7420075535774231,
        0.7437974214553833,
        0.7470022439956665,
        0.7390944957733154,
        0.7441520690917969,
        0.74091637134552,
        0.7449058294296265,
        0.7442278265953064,
        0.7456734776496887,
        0.7458705902099609,
        0.7499772310256958,
        0.7486261129379272,
        0.7488911151885986,
        0.747334361076355,
        0.7416142225265503,
        0.7487586736679077,
        0.7475857138633728,
        0.7497826814651489,
        0.7503644227981567,
        0.7521553039550781,
        0.7467905282974243,
        0.7504935264587402,
        0.7475262880325317,
        0.7471820712089539,
        0.7497095465660095
    ],
    "SVGD": [
        0.522311806678772,
        0.6880158185958862,
        0.695447564125061,
        0.7016651630401611,
        0.7063320279121399,
        0.7127974629402161,
        0.7143816947937012,
        0.717840313911438,
        0.7246774435043335,
        0.7232342958450317,
        0.7253987193107605,
        0.7305405139923096,
        0.7323580384254456,
        0.7363716959953308,
        0.7376323938369751,
        0.7339818477630615,
        0.7355197668075562,
        0.7377649545669556,
        0.7389284372329712,
        0.7419730424880981,
        0.7433706521987915,
        0.742237389087677,
        0.7424783110618591,
        0.7420719861984253,
        0.7446967959403992,
        0.7459110021591187,
        0.7492078542709351,
        0.7488661408424377,
        0.7476812601089478,
        0.7469445466995239,
        0.7477948665618896,
        0.7491674423217773,
        0.7524306178092957,
        0.7463189363479614,
        0.7469592094421387,
        0.7485959529876709,
        0.7488911747932434,
        0.7472758889198303,
        0.7504385113716125,
        0.7488068342208862,
        0.7526956796646118
    ]
}