name,optimal_stepsize,max_val_accuracy
nvgd,3.727593720314938e-05,0.8828125
sgld,1e-07,0.9427241683006287
svgd,0.0001,0.9224686026573181
