stepsize,accuracy
1e-07,0.1484137624502182
1e-06,0.3498527705669403
1e-05,0.8495678305625916
0.0001,0.8812215328216553
0.001,0.10175246745347977
