stepsize,accuracy
1e-07,0.27932655811309814
1e-06,0.7509023547172546
1e-05,0.9105480909347534
0.0001,0.8268664479255676
0.001,0.10175246745347977
