{
    "NSVGD": [
        0.03547040745615959,
        0.0065098418854177,
        0.011713438667356968,
        0.016330458223819733,
        0.00860556773841381,
        0.007467661984264851,
        0.006430730689316988,
        0.007674070540815592,
        0.013595121912658215,
        0.0053314995020627975,
        0.005529360845685005,
        0.007878931239247322,
        0.004853029269725084,
        0.0069978125393390656,
        0.005623336415737867
    ],
    "SGLD": [
        0.029108991846442223,
        0.003977392800152302,
        0.006798527669161558,
        0.013947299681603909,
        0.005452420562505722,
        0.0032945666462183,
        0.0031294964719563723,
        0.00478114141151309,
        0.01148245669901371,
        0.003217797726392746,
        0.003195724915713072,
        0.0054773204028606415,
        0.0038053367752581835,
        0.005741346627473831,
        0.004445863887667656
    ],
    "SVGD": [
        0.04176202788949013,
        0.08708494156599045,
        0.03209131583571434,
        0.06656485795974731,
        0.13194246590137482,
        0.0800337940454483,
        0.06683806329965591,
        0.07110188156366348,
        0.04627383500337601,
        0.08866748958826065,
        0.11422013491392136,
        0.24025790393352509,
        0.128816619515419,
        0.09229374676942825,
        0.282964825630188
    ]
}