{
    "Neural": [
        [
            0.0,
            0.05210918188095093
        ]
    ],
    "SGLD": [
        [
            0.0,
            0.05618637800216675
        ]
    ],
    "SGLD2": [
        [
            0.0,
            0.05618637800216675
        ]
    ],
    "SVGD": [
        [
            0.0,
            0.05618637800216675
        ]
    ]
}