{
    "NSVGD": [
        0.00710295420140028,
        0.015954671427607536,
        0.0040615820325911045,
        -0.0004606399161275476,
        0.02725326642394066,
        0.013937655836343765,
        0.008725389838218689,
        0.026473071426153183,
        0.025367530062794685,
        0.03387122228741646,
        0.028226831927895546,
        0.014901312068104744,
        0.013852449133992195,
        0.019196467474102974,
        0.021557511761784554,
        0.013423769734799862,
        0.019012780860066414,
        0.011106682941317558,
        0.015357225202023983,
        0.016326529905200005,
        0.015375464223325253,
        0.016378583386540413,
        0.00596354715526104,
        0.01043976005166769,
        0.009704140946269035,
        0.014330905862152576,
        0.00868309661746025,
        0.009044809266924858,
        0.010661580599844456,
        0.021000085398554802,
        0.006996676791459322,
        0.013857289217412472,
        0.005470391362905502,
        0.011770856566727161,
        0.012168878689408302,
        0.00745956739410758,
        0.005153541918843985,
        0.010923522524535656
    ],
    "SGLD": [
        0.0112315583974123,
        0.01331560779362917,
        0.009549436159431934,
        0.0036604651249945164,
        0.01311215478926897,
        0.004827767610549927,
        0.0029233270324766636,
        0.004239202477037907,
        0.007057422772049904,
        0.013620699755847454,
        0.013101506978273392,
        0.008232168853282928,
        0.0033121989108622074,
        0.0082400506362319,
        0.007400017697364092,
        0.0020127780735492706,
        0.009293831884860992,
        0.004906850401312113,
        0.00783325545489788,
        0.007827713154256344,
        0.0075316582806408405,
        0.007857570424675941,
        0.0019932736176997423,
        0.006093790754675865,
        0.005021126475185156,
        0.008619933389127254,
        0.003944586496800184,
        0.005286925472319126,
        0.008059917949140072,
        0.01818702183663845,
        0.00457007484510541,
        0.012637399137020111,
        0.0035251593217253685,
        0.009648107923567295,
        0.010759033262729645,
        0.005278407130390406,
        0.004355900920927525,
        0.009813961572945118
    ],
    "SVGD": [
        0.04475298523902893,
        0.03780289739370346,
        0.029387518763542175,
        0.02500929683446884,
        0.03573063760995865,
        0.01530487835407257,
        0.009357583709061146,
        0.011967835947871208,
        0.01408946979790926,
        0.022478966042399406,
        0.018974680453538895,
        0.009540055878460407,
        0.00773460790514946,
        0.01438907254487276,
        0.009167094714939594,
        0.00529669551178813,
        0.010023278184235096,
        0.009574512019753456,
        0.007668172940611839,
        0.006121377926319838,
        0.008050316944718361,
        0.008314014412462711,
        0.02064630202949047,
        0.019365686923265457,
        0.016143612563610077,
        0.012930459342896938,
        0.027669023722410202,
        0.045444656163454056,
        0.035042911767959595,
        0.026501700282096863,
        0.0271771177649498,
        0.04750998690724373,
        0.04610767588019371,
        0.029424743726849556,
        0.03826522082090378,
        0.0597570575773716,
        0.03888045623898506,
        0.1479714959859848
    ]
}