{
    "NSVGD": [
        0.007359386887401342,
        0.015954671427607536,
        0.004061557352542877,
        -0.0004606399161275476,
        0.027253257110714912,
        0.013937660492956638,
        0.008725401014089584,
        0.026473071426153183,
        0.025367531925439835,
        0.03387121856212616,
        0.028226833790540695,
        0.01490131113678217,
        0.01385245006531477,
        0.019196467474102974,
        0.021557513624429703,
        0.013423768803477287,
        0.019012782722711563,
        0.011106682941317558,
        0.015357261523604393,
        0.016326531767845154,
        0.015375428833067417,
        0.016378585249185562,
        0.005963538773357868,
        0.010439759120345116,
        0.009704140946269035,
        0.014330905862152576,
        0.00868309661746025,
        0.009044809266924858,
        0.010661579668521881,
        0.02100008726119995,
        0.006996677257120609,
        0.013857288286089897,
        0.00547039182856679,
        0.011770855635404587,
        0.012168878689408302,
        0.00745956739410758,
        0.005153541453182697,
        0.01092352345585823,
        0.014589369297027588,
        0.01105821318924427,
        0.007187750656157732,
        0.007834971882402897,
        0.010600223205983639,
        0.007123271934688091,
        0.009259557351469994,
        0.010274894535541534,
        0.006127176806330681,
        0.0038943460676819086,
        0.00959135964512825
    ],
    "SGLD": [
        0.0112315583974123,
        0.013315620832145214,
        0.009549436159431934,
        0.0036604651249945164,
        0.01311216689646244,
        0.004827773664146662,
        0.0029233195818960667,
        0.004239202477037907,
        0.007057428825646639,
        0.013620703481137753,
        0.013101514428853989,
        0.008232159540057182,
        0.0033122007735073566,
        0.008240054361522198,
        0.007400022353976965,
        0.002012774348258972,
        0.009293835610151291,
        0.004906849004328251,
        0.007833259180188179,
        0.007827715016901493,
        0.007531655021011829,
        0.007857570424675941,
        0.0019932736176997423,
        0.006093788426369429,
        0.0050211260095238686,
        0.008619935251772404,
        0.0039445869624614716,
        0.0052869259379804134,
        0.008059917017817497,
        0.01818702183663845,
        0.004570075310766697,
        0.012637397274374962,
        0.003525159787386656,
        0.009648107923567295,
        0.010759033262729645,
        0.005278407130390406,
        0.004355900920927525,
        0.009813962504267693,
        0.013103965669870377,
        0.01023692637681961,
        0.0067142159678041935,
        0.0070739490911364555,
        0.009573939256370068,
        0.005954565946012735,
        0.008468486368656158,
        0.009874872863292694,
        0.005534302443265915,
        0.0035122635308653116,
        0.008739504031836987
    ],
    "SVGD": [
        0.04439527541399002,
        0.03826627507805824,
        0.029390700161457062,
        0.025677882134914398,
        0.03577712923288345,
        0.015157447196543217,
        0.010029722936451435,
        0.011578514240682125,
        0.01375734806060791,
        0.021449241787195206,
        0.018502430990338326,
        0.009061578661203384,
        0.008309563621878624,
        0.013948029838502407,
        0.008507687598466873,
        0.005429727025330067,
        0.010921970009803772,
        0.009794329293072224,
        0.007512212265282869,
        0.004029604606330395,
        0.007766993250697851,
        0.008963139727711678,
        0.018136803060770035,
        0.019135717302560806,
        0.016992587596178055,
        0.012948242947459221,
        0.026101695373654366,
        0.037282805889844894,
        0.034784119576215744,
        0.027861084789037704,
        0.0725601315498352,
        0.04816123843193054,
        0.04161881282925606,
        0.02946767583489418,
        0.03748930245637894,
        0.05322621017694473,
        0.12076152116060257,
        0.13047777116298676,
        0.053996093571186066,
        0.06833363324403763,
        NaN,
        0.06692361831665039,
        0.178221195936203,
        0.05309115722775459,
        0.17883628606796265,
        0.15427471697330475,
        0.2161901295185089,
        0.2345951795578003,
        0.2373725324869156
    ]
}