{
    "NSVGD": [
        0.13863268494606018,
        0.08633562177419662
    ],
    "SGLD": [
        0.11797905713319778,
        0.06093466654419899
    ],
    "SVGD": [
        0.13947980105876923,
        0.07272350043058395
    ]
}