{
    "KSD": 11016802304.0,
    "Neural_SD": [
        -2937.547119140625,
        37098.96875,
        78605.515625,
        119043.9375,
        182975.453125,
        232667.53125,
        319931.1875,
        466205.65625,
        610538.125,
        680291.8125,
        660415.5,
        955725.375,
        1122051.5,
        1203116.5,
        1352646.875,
        1588229.5,
        1836651.375,
        2038910.25,
        2328286.75,
        2699281.25,
        2438572.25,
        3512358.0,
        3039400.25,
        4118082.25,
        4109208.25,
        3749905.75,
        4756567.0,
        5650278.5,
        6558832.5,
        6981630.5,
        7560798.0,
        8307610.5,
        9772494.0,
        11664895.0,
        10966172.0,
        12504924.0,
        12544716.0,
        14704454.0,
        15188581.0,
        17658644.0,
        18916832.0,
        20724296.0,
        23725202.0,
        25546510.0,
        27288620.0,
        27675364.0,
        32213162.0,
        32581690.0,
        38512728.0,
        41015624.0,
        40667128.0,
        46293536.0,
        54551628.0,
        53819612.0,
        59849468.0,
        65535212.0,
        68682560.0,
        71277880.0,
        76234168.0,
        86175232.0,
        91428688.0,
        102190712.0,
        105772048.0,
        100082232.0,
        119618864.0,
        125987200.0,
        139577680.0,
        143799376.0,
        148234704.0,
        170827728.0,
        160536832.0,
        191681728.0,
        202586272.0,
        200338592.0,
        216932752.0,
        265353472.0,
        247289552.0,
        269717472.0,
        282290368.0,
        315163872.0,
        302382432.0,
        337898592.0,
        346252064.0,
        381886912.0,
        402500608.0,
        389588768.0,
        454963104.0,
        450745728.0,
        477259488.0,
        490838368.0,
        538885632.0,
        582617728.0,
        594289216.0,
        647601088.0,
        670162176.0,
        673900608.0,
        681692416.0,
        763397120.0,
        794014400.0,
        812624896.0,
        843240256.0,
        867164096.0,
        849018112.0,
        998578432.0,
        1002836416.0,
        1084054144.0,
        1077571712.0,
        1141071616.0,
        1189326720.0,
        1221533952.0,
        1309667840.0,
        1381403136.0,
        1401599232.0,
        1519687680.0,
        1506555520.0,
        1453314816.0,
        1648470272.0,
        1617997952.0,
        1777313024.0,
        1826314368.0,
        1807754880.0,
        1913666176.0,
        1992291072.0,
        2133662336.0,
        2069584896.0,
        2133604352.0,
        2281070592.0,
        2117696768.0,
        2456273152.0,
        2422252544.0,
        2568719872.0,
        2678487296.0,
        2813600768.0,
        2957812480.0,
        2976256000.0,
        3119106304.0,
        3120747776.0,
        3279387136.0,
        3360820736.0,
        3249588736.0,
        3494209792.0,
        3524507904.0,
        3622475008.0,
        3538111488.0,
        3946314496.0,
        3868777472.0,
        4056988672.0,
        4148225024.0,
        4240822272.0,
        4386782720.0,
        4446175744.0,
        4568235008.0,
        4694915072.0,
        4773283328.0,
        4894349824.0,
        4987548672.0,
        5003533312.0,
        5053541376.0,
        5345387008.0,
        5363758080.0,
        5741786112.0,
        5612542976.0,
        5710445568.0,
        5909194752.0,
        6165182976.0,
        6010756608.0,
        6014298112.0,
        6541189120.0,
        6074175488.0,
        6348724224.0,
        6642968064.0,
        6924624384.0,
        6792606720.0,
        6713459712.0,
        7161302016.0,
        7249888256.0,
        7292385280.0,
        7436719616.0,
        7745523200.0,
        7817494016.0,
        7889609728.0,
        8204567552.0,
        8277829632.0,
        8069785600.0,
        8316564480.0,
        8583638016.0,
        8436113920.0,
        8662709248.0,
        8762799104.0,
        9159229440.0,
        9187126272.0,
        9366432768.0,
        9623784448.0,
        9626023936.0,
        9681138688.0,
        9765870592.0,
        10039695360.0,
        9753733120.0,
        10220150784.0,
        10285854720.0,
        10116714496.0,
        10891160576.0,
        10490942464.0,
        11063432192.0,
        10798769152.0,
        11432950784.0,
        11112495104.0,
        11770457088.0,
        11479966720.0,
        11870127104.0,
        11580907520.0,
        11848103936.0,
        12056048640.0,
        11731293184.0,
        12704651264.0,
        12028787712.0,
        12720585728.0,
        12590057472.0,
        12653844480.0,
        13089454080.0,
        13101463552.0,
        13076797440.0,
        13576407040.0,
        13996559360.0,
        13658419200.0,
        13584095232.0,
        13664387072.0,
        13362596864.0,
        13867817984.0,
        14632015872.0,
        14620880896.0,
        14813340672.0,
        14284510208.0,
        14579497984.0,
        14464974848.0,
        14929210368.0,
        14850219008.0,
        15214050304.0,
        15054215168.0,
        14490442752.0,
        15053864960.0,
        15324353536.0,
        15085987840.0,
        15678461952.0,
        15043832832.0,
        15537569792.0,
        15752563712.0,
        16047513600.0,
        15981514752.0,
        15727842304.0,
        15951970304.0,
        16544911360.0,
        15813650432.0,
        15860191232.0,
        16433833984.0,
        16516170752.0,
        16736114688.0,
        16499519488.0,
        16664645632.0,
        16733651968.0,
        16942740480.0,
        17316173824.0,
        17173152768.0,
        16570669056.0,
        16816807936.0,
        17151366144.0,
        17295925248.0,
        16858484736.0,
        17206874112.0,
        17218760704.0,
        16807809024.0,
        17306273792.0,
        17322391552.0,
        17352353792.0,
        17500715008.0,
        17851357184.0,
        17654071296.0,
        17892726784.0,
        17965735936.0,
        17364422656.0,
        18015098880.0,
        17712689152.0,
        17596149760.0,
        17661335552.0,
        17657393152.0,
        17443983360.0,
        17947996160.0,
        17886371840.0,
        17951109120.0,
        17774182400.0,
        17956896768.0,
        18186414080.0,
        17883340800.0,
        18379577344.0,
        17955358720.0,
        18359214080.0,
        17571110912.0,
        17936015360.0,
        18125428736.0,
        18487709696.0,
        18226372608.0,
        17898348544.0,
        18295545856.0,
        18434465792.0,
        18833872896.0,
        18566332416.0,
        17988937728.0,
        18497335296.0,
        18379538432.0,
        18255497216.0,
        18528030720.0,
        18438021120.0,
        18534334464.0,
        18713268224.0,
        18886182912.0,
        18737410048.0,
        18566141952.0,
        18813118464.0,
        18704326656.0,
        18487029760.0,
        19295326208.0,
        18914088960.0,
        19128705024.0,
        19131064320.0,
        18804277248.0,
        18975870976.0,
        18909583360.0,
        18548228096.0,
        19100108800.0,
        18622713856.0,
        18980519936.0,
        19251998720.0,
        19342913536.0,
        19125921792.0,
        19006978048.0,
        19525773312.0,
        19403839488.0,
        19274962944.0,
        19255717888.0,
        19617239040.0,
        19331463168.0,
        19655757824.0,
        19444963328.0,
        19785031680.0,
        19482204160.0,
        19404236800.0,
        20046721024.0,
        19753803776.0,
        19512281088.0,
        20039563264.0,
        19728447488.0,
        19850715136.0,
        19712260096.0,
        20056848384.0,
        19618207744.0,
        19878242304.0,
        19734005760.0,
        19931142144.0,
        19878492160.0,
        19761414144.0,
        19783014400.0,
